,MAE,MSE,RMSE,R² Score
t=0,0.08278542757034302,0.010684764944016933,0.10336713492870331,0.9634863247989789
